date;id_produit;entrepot;niveau_stock
01/06/2024;P00001;Lyon;88
22/04/2024;P00001;Paris;141
25/09/2024;P00002;Lyon;286
18/02/2024;P00003;Paris;177
13/07/2024;P00003;Lyon;95
06/08/2024;P00004;Paris;57
30/06/2024;P00004;Lyon;24
05/10/2024;P00005;Paris;65
03/09/2024;P00006;Paris;215
14/09/2024;P00006;Lyon;182
02/10/2024;P00007;Paris;200
15/12/2024;P00007;Lyon;165
15/09/2024;P00008;Paris;296
13/09/2024;P00009;Paris;88
06/07/2024;P00009;Marseille;227
29/11/2024;P00010;Paris;108
07/03/2024;P00011;Paris;85
04/04/2024;P00012;Paris;31
01/11/2024;P00012;Lyon;98
06/05/2024;P00013;Lyon;219
15/03/2024;P00014;Paris;100
14/02/2024;P00014;Lyon;262
25/04/2024;P00015;Paris;261
22/03/2024;P00015;Lyon;165
21/11/2024;P00016;Lyon;239
06/02/2024;P00016;Marseille;278
03/12/2024;P00017;Lyon;22
28/06/2024;P00018;Paris;93
16/02/2024;P00018;Lyon;274
19/12/2024;P00019;Lyon;74
19/03/2024;P00020;Marseille;297
03/01/2024;P00021;Marseille;176
19/07/2024;P00021;Lyon;264
20/01/2024;P00022;Paris;142
02/06/2024;P00023;Lyon;298
13/03/2024;P00023;Marseille;256
28/04/2024;P00024;Paris;113
23/09/2024;P00024;Lyon;266
11/06/2024;P00025;Paris;78
20/03/2024;P00026;Lyon;74
27/04/2024;P00026;Paris;194
26/02/2024;P00027;Lyon;256
27/09/2024;P00027;Paris;236
27/03/2024;P00028;Marseille;142
11/02/2024;P00029;Marseille;284
15/09/2024;P00029;Paris;268
03/04/2024;P00030;Paris;232
26/06/2024;P00030;Marseille;149
22/07/2024;P00031;Lyon;30
24/07/2024;P00032;Lyon;57
06/12/2024;P00032;Paris;296
04/11/2024;P00033;Paris;126
03/06/2024;P00034;Paris;161
17/06/2024;P00034;Lyon;88
20/06/2024;P00035;Lyon;187
12/04/2024;P00035;Paris;205
02/11/2024;P00036;Paris;167
04/01/2024;P00036;Lyon;216
10/07/2024;P00037;Paris;222
06/12/2024;P00037;Marseille;75
17/02/2024;P00038;Paris;131
11/04/2024;P00039;Paris;298
27/05/2024;P00039;Lyon;11
20/03/2024;P00040;Paris;161
29/08/2024;P00040;Lyon;216
11/02/2024;P00041;Paris;239
25/07/2024;P00042;Paris;263
25/01/2024;P00042;Lyon;62
22/06/2024;P00043;Lyon;2
11/11/2024;P00043;Marseille;274
19/05/2024;P00044;Lyon;230
20/02/2024;P00044;Paris;182
14/06/2024;P00045;Paris;117
16/11/2024;P00046;Paris;11
17/06/2024;P00047;Lyon;41
13/06/2024;P00047;Paris;289
29/05/2024;P00048;Paris;233
02/06/2024;P00048;Lyon;90
23/09/2024;P00049;Paris;128
26/07/2024;P00050;Lyon;26
22/08/2024;P00051;Marseille;4
19/03/2024;P00051;Paris;91
10/06/2024;P00052;Lyon;177
19/07/2024;P00052;Paris;104
12/10/2024;P00053;Paris;216
25/05/2024;P00054;Lyon;76
13/07/2024;P00054;Paris;213
28/03/2024;P00055;Lyon;94
30/12/2024;P00056;Lyon;267
01/09/2024;P00056;Paris;101
16/08/2024;P00057;Lyon;140
25/07/2024;P00057;Paris;42
16/05/2024;P00058;Marseille;151
26/12/2024;P00058;Lyon;172
04/07/2024;P00059;Paris;35
06/05/2024;P00059;Marseille;298
08/02/2024;P00060;Lyon;2
08/09/2024;P00061;Paris;281
06/07/2024;P00061;Lyon;242
04/12/2024;P00061;Marseille;219
30/03/2024;P00062;Lyon;286
11/04/2024;P00062;Paris;251
11/06/2024;P00063;Lyon;96
01/01/2024;P00063;Paris;157
28/03/2024;P00064;Paris;201
15/04/2024;P00064;Marseille;243
14/11/2024;P00064;Lyon;218
23/06/2024;P00065;Marseille;120
01/08/2024;P00065;Paris;220
02/10/2024;P00066;Paris;76
06/07/2024;P00067;Paris;142
04/05/2024;P00067;Marseille;276
15/10/2024;P00068;Paris;272
29/02/2024;P00068;Marseille;55
05/03/2024;P00069;Lyon;161
21/03/2024;P00069;Paris;158
11/12/2024;P00070;Paris;198
11/03/2024;P00070;Lyon;259
24/09/2024;P00071;Lyon;81
19/01/2024;P00071;Paris;130
06/12/2024;P00072;Paris;199
21/01/2024;P00072;Marseille;229
09/12/2024;P00073;Paris;161
09/06/2024;P00074;Paris;72
11/12/2024;P00075;Lyon;4
24/11/2024;P00075;Paris;18
03/11/2024;P00076;Lyon;165
17/06/2024;P00076;Paris;61
30/10/2024;P00077;Paris;121
05/12/2024;P00078;Marseille;284
23/10/2024;P00078;Lyon;265
01/04/2024;P00079;Paris;12
27/04/2024;P00080;Paris;298
14/09/2024;P00081;Marseille;65
19/12/2024;P00081;Lyon;221
23/03/2024;P00082;Paris;276
21/05/2024;P00082;Lyon;181
02/07/2024;P00083;Lyon;155
03/10/2024;P00084;Lyon;231
16/07/2024;P00084;Marseille;79
30/06/2024;P00085;Paris;112
12/09/2024;P00085;Lyon;15
27/12/2024;P00086;Paris;80
15/12/2024;P00087;Paris;286
09/10/2024;P00088;Lyon;258
28/06/2024;P00088;Paris;83
03/01/2024;P00089;Lyon;163
10/08/2024;P00089;Paris;51
17/04/2024;P00090;Lyon;283
27/06/2024;P00090;Marseille;124
02/09/2024;P00091;Lyon;141
25/08/2024;P00091;Paris;241
30/04/2024;P00092;Paris;156
29/08/2024;P00092;Lyon;207
12/06/2024;P00093;Lyon;80
28/02/2024;P00093;Paris;199
16/05/2024;P00094;Paris;23
20/08/2024;P00095;Lyon;261
29/02/2024;P00095;Paris;63
28/02/2024;P00096;Lyon;68
03/05/2024;P00096;Paris;61
30/08/2024;P00097;Marseille;48
18/05/2024;P00098;Paris;11
26/09/2024;P00099;Paris;229
18/02/2024;P00099;Lyon;74
16/10/2024;P00100;Marseille;15
14/08/2024;P00101;Paris;83
17/07/2024;P00101;Lyon;76
04/01/2024;P00102;Marseille;84
22/03/2024;P00102;Paris;176
28/05/2024;P00103;Paris;189
08/06/2024;P00103;Lyon;17
25/04/2024;P00104;Paris;212
07/12/2024;P00105;Lyon;133
18/10/2024;P00105;Paris;42
02/07/2024;P00106;Marseille;92
29/04/2024;P00106;Paris;116
27/02/2024;P00107;Paris;257
21/07/2024;P00107;Lyon;47
19/03/2024;P00108;Lyon;136
21/03/2024;P00108;Marseille;92
01/11/2024;P00109;Paris;13
08/08/2024;P00109;Marseille;272
24/03/2024;P00110;Paris;192
10/09/2024;P00110;Marseille;267
04/03/2024;P00111;Paris;250
28/12/2024;P00111;Lyon;16
07/10/2024;P00112;Marseille;47
16/06/2024;P00112;Paris;179
01/12/2024;P00113;Marseille;92
23/05/2024;P00113;Paris;130
04/03/2024;P00114;Marseille;276
13/10/2024;P00114;Paris;51
27/04/2024;P00115;Paris;296
20/02/2024;P00115;Lyon;129
22/02/2024;P00116;Lyon;87
31/07/2024;P00117;Lyon;27
14/06/2024;P00118;Lyon;264
16/01/2024;P00118;Paris;121
10/10/2024;P00119;Paris;265
07/09/2024;P00120;Lyon;287
15/10/2024;P00120;Marseille;5
29/04/2024;P00121;Paris;78
05/02/2024;P00121;Marseille;107
01/06/2024;P00122;Marseille;232
30/09/2024;P00122;Lyon;275
17/07/2024;P00123;Paris;126
31/12/2024;P00123;Lyon;49
31/08/2024;P00124;Paris;96
13/09/2024;P00124;Lyon;106
25/06/2024;P00125;Paris;155
30/01/2024;P00125;Marseille;32
25/04/2024;P00126;Paris;179
12/05/2024;P00126;Lyon;61
28/03/2024;P00127;Paris;297
27/04/2024;P00127;Lyon;279
02/08/2024;P00128;Marseille;267
15/10/2024;P00128;Lyon;285
21/09/2024;P00129;Marseille;114
28/08/2024;P00129;Paris;211
19/03/2024;P00129;Lyon;212
16/03/2024;P00130;Marseille;95
03/11/2024;P00130;Lyon;214
25/11/2024;P00131;Lyon;92
27/08/2024;P00131;Marseille;38
07/10/2024;P00132;Paris;201
22/12/2024;P00133;Paris;273
22/08/2024;P00133;Lyon;264
27/08/2024;P00134;Paris;59
22/06/2024;P00134;Lyon;67
24/07/2024;P00135;Marseille;144
30/10/2024;P00136;Marseille;129
16/03/2024;P00136;Paris;251
24/12/2024;P00137;Paris;150
30/05/2024;P00138;Paris;187
18/05/2024;P00138;Lyon;34
18/01/2024;P00139;Paris;109
04/06/2024;P00140;Paris;228
06/10/2024;P00140;Lyon;103
26/08/2024;P00141;Paris;140
06/04/2024;P00141;Lyon;27
03/08/2024;P00142;Lyon;105
13/10/2024;P00143;Paris;218
23/09/2024;P00143;Lyon;211
02/01/2024;P00144;Lyon;5
18/04/2024;P00145;Paris;98
11/10/2024;P00146;Paris;107
23/10/2024;P00147;Marseille;96
16/01/2024;P00147;Paris;282
13/07/2024;P00148;Lyon;1
02/05/2024;P00148;Paris;197
06/06/2024;P00149;Marseille;225
18/06/2024;P00149;Lyon;255
28/12/2024;P00150;Paris;279
08/10/2024;P00150;Marseille;278
30/01/2024;P00151;Marseille;134
26/06/2024;P00151;Paris;207
19/03/2024;P00152;Paris;190
10/11/2024;P00153;Paris;241
23/07/2024;P00153;Marseille;167
08/03/2024;P00154;Paris;146
09/01/2024;P00154;Lyon;209
04/11/2024;P00154;Marseille;129
01/04/2024;P00155;Paris;218
17/05/2024;P00155;Lyon;117
28/08/2024;P00156;Lyon;143
06/05/2024;P00156;Paris;108
07/11/2024;P00157;Paris;57
22/04/2024;P00157;Lyon;180
24/12/2024;P00158;Paris;139
26/11/2024;P00159;Paris;164
07/02/2024;P00159;Lyon;213
02/03/2024;P00160;Paris;121
23/03/2024;P00161;Lyon;162
25/07/2024;P00161;Marseille;82
19/11/2024;P00161;Paris;5
22/01/2024;P00162;Paris;26
05/02/2024;P00162;Lyon;82
22/08/2024;P00163;Paris;161
19/12/2024;P00163;Lyon;5
08/11/2024;P00164;Lyon;236
06/05/2024;P00164;Paris;248
19/01/2024;P00165;Paris;113
08/10/2024;P00165;Lyon;243
04/12/2024;P00166;Paris;149
30/10/2024;P00167;Paris;182
10/12/2024;P00168;Paris;61
02/12/2024;P00168;Marseille;216
08/08/2024;P00169;Paris;85
25/02/2024;P00169;Marseille;262
03/04/2024;P00170;Paris;141
11/02/2024;P00170;Lyon;89
26/05/2024;P00171;Lyon;36
16/10/2024;P00171;Paris;69
24/02/2024;P00172;Lyon;16
18/03/2024;P00172;Paris;247
24/11/2024;P00173;Marseille;254
04/12/2024;P00174;Marseille;13
10/04/2024;P00174;Paris;179
18/09/2024;P00175;Paris;228
12/04/2024;P00175;Marseille;195
18/02/2024;P00176;Paris;95
25/05/2024;P00176;Lyon;180
17/02/2024;P00177;Paris;134
07/01/2024;P00177;Marseille;218
13/03/2024;P00178;Marseille;74
08/10/2024;P00178;Lyon;240
09/07/2024;P00179;Paris;138
31/07/2024;P00180;Lyon;45
07/08/2024;P00180;Paris;67
04/02/2024;P00181;Paris;186
08/06/2024;P00181;Marseille;193
21/07/2024;P00182;Lyon;272
25/01/2024;P00182;Paris;63
09/08/2024;P00183;Paris;169
29/10/2024;P00184;Paris;46
08/10/2024;P00184;Lyon;250
10/05/2024;P00185;Lyon;228
02/08/2024;P00186;Paris;28
22/05/2024;P00186;Marseille;242
21/02/2024;P00187;Lyon;203
21/12/2024;P00188;Paris;157
19/01/2024;P00189;Marseille;53
21/03/2024;P00190;Paris;138
10/06/2024;P00190;Lyon;117
28/11/2024;P00191;Marseille;266
28/11/2024;P00191;Lyon;212
22/12/2024;P00192;Lyon;274
03/11/2024;P00192;Marseille;283
18/12/2024;P00193;Paris;92
08/07/2024;P00193;Lyon;115
09/02/2024;P00194;Paris;89
10/12/2024;P00194;Lyon;16
29/12/2024;P00195;Marseille;52
19/10/2024;P00195;Lyon;76
23/03/2024;P00196;Lyon;29
19/08/2024;P00196;Paris;119
25/07/2024;P00197;Lyon;171
21/04/2024;P00197;Paris;164
21/09/2024;P00198;Paris;249
08/03/2024;P00198;Lyon;13
12/08/2024;P00199;Paris;216
18/03/2024;P00200;Paris;242
08/11/2024;P00201;Lyon;125
21/09/2024;P00202;Lyon;239
04/07/2024;P00203;Lyon;88
24/10/2024;P00204;Marseille;165
15/04/2024;P00205;Paris;168
21/08/2024;P00206;Paris;145
05/04/2024;P00206;Lyon;205
11/09/2024;P00207;Marseille;46
27/05/2024;P00208;Paris;131
12/06/2024;P00208;Marseille;243
15/08/2024;P00209;Paris;160
24/01/2024;P00210;Marseille;51
08/10/2024;P00210;Paris;21
12/04/2024;P00211;Marseille;117
07/01/2024;P00212;Lyon;161
12/04/2024;P00212;Paris;104
08/11/2024;P00213;Lyon;277
21/10/2024;P00214;Paris;192
01/09/2024;P00214;Lyon;238
28/04/2024;P00215;Paris;237
25/10/2024;P00215;Marseille;258
21/07/2024;P00216;Paris;156
11/03/2024;P00216;Marseille;9
20/06/2024;P00217;Paris;78
05/01/2024;P00217;Lyon;80
09/04/2024;P00218;Lyon;49
06/10/2024;P00218;Marseille;155
21/08/2024;P00219;Lyon;117
31/07/2024;P00219;Paris;82
18/03/2024;P00220;Paris;138
05/01/2024;P00221;Paris;295
13/12/2024;P00222;Paris;140
29/09/2024;P00222;Marseille;50
10/08/2024;P00222;Lyon;11
11/08/2024;P00223;Lyon;144
27/06/2024;P00224;Lyon;114
30/03/2024;P00225;Marseille;276
14/07/2024;P00225;Lyon;214
01/10/2024;P00225;Paris;166
13/04/2024;P00226;Paris;144
10/06/2024;P00227;Paris;145
13/03/2024;P00227;Marseille;193
13/07/2024;P00228;Lyon;213
14/01/2024;P00228;Marseille;213
17/12/2024;P00229;Paris;296
30/05/2024;P00229;Lyon;174
31/08/2024;P00230;Lyon;289
14/06/2024;P00231;Lyon;64
26/09/2024;P00231;Paris;281
03/06/2024;P00232;Marseille;250
17/06/2024;P00232;Paris;62
04/06/2024;P00233;Paris;132
24/07/2024;P00234;Lyon;163
23/10/2024;P00235;Lyon;243
06/05/2024;P00235;Paris;60
29/07/2024;P00236;Paris;176
25/02/2024;P00237;Paris;281
02/12/2024;P00237;Lyon;144
25/12/2024;P00238;Paris;176
13/06/2024;P00238;Lyon;161
18/04/2024;P00239;Lyon;236
23/05/2024;P00239;Paris;35
11/07/2024;P00240;Paris;39
17/11/2024;P00240;Marseille;2
28/03/2024;P00241;Paris;46
17/05/2024;P00241;Lyon;219
05/08/2024;P00242;Lyon;264
25/04/2024;P00242;Paris;174
19/09/2024;P00243;Paris;226
30/10/2024;P00243;Marseille;109
12/02/2024;P00244;Lyon;99
28/07/2024;P00244;Paris;64
10/06/2024;P00245;Paris;44
08/06/2024;P00245;Marseille;14
09/02/2024;P00246;Marseille;277
25/05/2024;P00246;Paris;168
29/06/2024;P00246;Lyon;258
19/05/2024;P00247;Paris;243
11/05/2024;P00247;Marseille;161
12/11/2024;P00248;Lyon;131
14/11/2024;P00249;Lyon;142
28/06/2024;P00250;Paris;69
06/07/2024;P00251;Lyon;90
25/07/2024;P00251;Marseille;17
14/01/2024;P00252;Paris;126
20/05/2024;P00252;Lyon;66
09/12/2024;P00253;Lyon;211
18/05/2024;P00253;Paris;81
21/07/2024;P00254;Paris;293
26/09/2024;P00254;Lyon;10
23/11/2024;P00255;Paris;132
05/12/2024;P00255;Marseille;118
04/07/2024;P00256;Paris;178
24/01/2024;P00256;Lyon;206
02/01/2024;P00257;Paris;83
05/05/2024;P00258;Paris;247
16/04/2024;P00258;Lyon;125
26/12/2024;P00259;Lyon;51
22/05/2024;P00259;Paris;29
14/12/2024;P00260;Marseille;154
02/04/2024;P00260;Lyon;10
11/10/2024;P00260;Paris;67
20/12/2024;P00261;Marseille;50
24/10/2024;P00261;Lyon;287
03/02/2024;P00262;Paris;12
27/08/2024;P00262;Lyon;46
09/05/2024;P00263;Lyon;268
02/05/2024;P00263;Paris;279
12/04/2024;P00264;Lyon;41
11/09/2024;P00264;Paris;209
13/09/2024;P00265;Marseille;244
03/05/2024;P00265;Lyon;70
15/03/2024;P00266;Paris;118
31/01/2024;P00266;Marseille;152
12/03/2024;P00267;Paris;152
03/06/2024;P00267;Lyon;49
02/06/2024;P00268;Paris;86
25/11/2024;P00269;Paris;76
28/05/2024;P00270;Lyon;152
11/10/2024;P00270;Marseille;276
18/12/2024;P00271;Marseille;52
04/11/2024;P00272;Paris;63
26/07/2024;P00272;Marseille;225
24/02/2024;P00273;Marseille;72
01/11/2024;P00273;Paris;122
10/10/2024;P00274;Paris;172
18/11/2024;P00274;Marseille;160
03/01/2024;P00274;Lyon;35
29/04/2024;P00275;Lyon;245
19/01/2024;P00275;Paris;230
06/06/2024;P00276;Lyon;239
02/09/2024;P00277;Marseille;10
02/07/2024;P00277;Paris;246
27/12/2024;P00278;Lyon;140
18/12/2024;P00278;Paris;207
31/08/2024;P00279;Paris;48
14/04/2024;P00280;Paris;62
03/07/2024;P00281;Paris;280
05/07/2024;P00281;Lyon;189
31/12/2024;P00281;Marseille;165
17/09/2024;P00282;Lyon;160
07/05/2024;P00283;Paris;49
19/04/2024;P00283;Marseille;25
22/06/2024;P00283;Lyon;169
15/05/2024;P00284;Lyon;227
16/01/2024;P00285;Lyon;230
27/04/2024;P00285;Paris;167
26/10/2024;P00286;Paris;107
07/10/2024;P00287;Marseille;277
24/04/2024;P00288;Paris;246
04/09/2024;P00288;Lyon;9
02/09/2024;P00289;Paris;25
07/06/2024;P00290;Marseille;82
27/06/2024;P00290;Paris;44
31/10/2024;P00290;Lyon;6
15/06/2024;P00291;Paris;70
09/11/2024;P00292;Lyon;24
11/03/2024;P00292;Paris;281
02/07/2024;P00293;Lyon;273
02/03/2024;P00293;Marseille;112
24/02/2024;P00294;Paris;297
21/05/2024;P00294;Lyon;26
31/03/2024;P00295;Lyon;85
06/09/2024;P00295;Paris;278
13/02/2024;P00295;Marseille;78
23/05/2024;P00296;Lyon;91
01/12/2024;P00297;Paris;140
19/01/2024;P00297;Lyon;114
25/06/2024;P00298;Marseille;262
24/07/2024;P00298;Lyon;262
18/09/2024;P00299;Marseille;74
30/01/2024;P00300;Paris;246
09/08/2024;P00301;Paris;71
30/07/2024;P00301;Marseille;270
31/07/2024;P00302;Marseille;53
14/01/2024;P00303;Marseille;283
22/07/2024;P00303;Paris;39
01/07/2024;P00304;Paris;146
19/09/2024;P00304;Lyon;88
09/07/2024;P00305;Marseille;184
21/06/2024;P00305;Paris;63
24/10/2024;P00306;Paris;85
09/09/2024;P00307;Lyon;156
06/08/2024;P00307;Paris;205
30/09/2024;P00308;Lyon;150
08/09/2024;P00309;Lyon;2
30/09/2024;P00309;Paris;194
13/10/2024;P00310;Paris;99
26/09/2024;P00310;Lyon;218
12/05/2024;P00311;Lyon;244
19/01/2024;P00312;Lyon;192
30/04/2024;P00313;Marseille;193
24/03/2024;P00314;Lyon;190
15/03/2024;P00314;Paris;49
04/12/2024;P00315;Paris;99
05/04/2024;P00315;Lyon;138
16/06/2024;P00316;Lyon;232
26/06/2024;P00317;Lyon;229
04/12/2024;P00317;Paris;53
11/06/2024;P00318;Paris;44
18/12/2024;P00318;Lyon;0
22/03/2024;P00319;Paris;198
11/04/2024;P00319;Lyon;131
19/07/2024;P00320;Lyon;71
22/04/2024;P00321;Paris;208
20/02/2024;P00321;Lyon;281
07/11/2024;P00322;Paris;47
10/12/2024;P00322;Lyon;7
27/01/2024;P00323;Paris;17
12/12/2024;P00324;Paris;284
24/05/2024;P00325;Lyon;83
21/06/2024;P00325;Paris;225
19/02/2024;P00326;Lyon;151
22/04/2024;P00327;Paris;21
18/08/2024;P00328;Lyon;251
04/02/2024;P00328;Paris;37
16/06/2024;P00329;Marseille;237
15/06/2024;P00329;Paris;109
17/12/2024;P00330;Marseille;218
21/02/2024;P00330;Paris;248
13/03/2024;P00331;Paris;111
04/09/2024;P00332;Paris;162
23/10/2024;P00333;Paris;81
11/03/2024;P00334;Marseille;33
17/10/2024;P00334;Paris;166
21/02/2024;P00335;Lyon;213
22/09/2024;P00335;Paris;48
27/11/2024;P00336;Lyon;34
15/08/2024;P00336;Paris;73
17/12/2024;P00337;Marseille;187
02/06/2024;P00337;Paris;278
17/06/2024;P00338;Paris;1
01/02/2024;P00338;Lyon;213
20/01/2024;P00339;Lyon;35
09/06/2024;P00339;Paris;260
10/08/2024;P00340;Lyon;43
10/11/2024;P00340;Paris;94
04/02/2024;P00341;Marseille;16
28/03/2024;P00341;Lyon;238
01/11/2024;P00342;Lyon;86
08/05/2024;P00343;Paris;47
16/10/2024;P00343;Marseille;283
22/12/2024;P00344;Lyon;2
20/07/2024;P00344;Marseille;61
07/05/2024;P00345;Lyon;56
18/02/2024;P00345;Paris;7
30/07/2024;P00346;Paris;76
12/09/2024;P00346;Lyon;270
24/08/2024;P00347;Lyon;104
26/06/2024;P00347;Marseille;87
22/02/2024;P00347;Paris;243
23/12/2024;P00348;Lyon;96
16/11/2024;P00349;Paris;54
26/05/2024;P00350;Lyon;258
11/06/2024;P00350;Paris;250
23/02/2024;P00351;Paris;162
23/10/2024;P00352;Lyon;65
07/08/2024;P00352;Marseille;178
17/04/2024;P00353;Paris;199
06/08/2024;P00353;Lyon;191
27/02/2024;P00354;Marseille;66
26/10/2024;P00354;Paris;168
21/09/2024;P00355;Paris;2
01/03/2024;P00355;Lyon;281
07/06/2024;P00355;Marseille;254
03/12/2024;P00356;Paris;259
31/07/2024;P00357;Paris;85
08/02/2024;P00357;Lyon;12
01/05/2024;P00358;Marseille;277
29/11/2024;P00359;Paris;238
12/06/2024;P00360;Paris;297
26/02/2024;P00361;Paris;226
07/04/2024;P00361;Lyon;215
27/03/2024;P00362;Marseille;146
15/07/2024;P00363;Paris;58
16/12/2024;P00364;Paris;208
06/11/2024;P00365;Marseille;27
17/02/2024;P00365;Paris;67
19/11/2024;P00366;Marseille;210
31/01/2024;P00366;Lyon;263
30/11/2024;P00367;Marseille;295
18/10/2024;P00367;Paris;250
05/07/2024;P00367;Lyon;78
27/01/2024;P00368;Lyon;65
10/11/2024;P00368;Paris;117
10/11/2024;P00369;Marseille;275
13/11/2024;P00369;Paris;167
11/11/2024;P00370;Marseille;143
06/09/2024;P00371;Paris;86
24/08/2024;P00371;Marseille;4
31/05/2024;P00372;Paris;23
07/09/2024;P00372;Marseille;277
06/07/2024;P00373;Paris;213
03/09/2024;P00374;Paris;168
01/08/2024;P00374;Lyon;6
04/03/2024;P00375;Paris;192
24/02/2024;P00376;Paris;102
22/01/2024;P00376;Marseille;56
24/02/2024;P00377;Paris;15
30/12/2024;P00377;Lyon;0
08/02/2024;P00378;Paris;204
03/04/2024;P00378;Marseille;291
03/03/2024;P00379;Marseille;112
24/11/2024;P00379;Paris;203
14/12/2024;P00380;Lyon;85
26/02/2024;P00380;Paris;110
11/04/2024;P00381;Paris;154
25/08/2024;P00382;Paris;77
20/10/2024;P00382;Lyon;271
22/09/2024;P00383;Paris;47
30/12/2024;P00384;Lyon;207
06/02/2024;P00385;Lyon;65
02/02/2024;P00385;Paris;280
26/09/2024;P00386;Paris;56
02/12/2024;P00386;Lyon;138
17/09/2024;P00387;Paris;297
13/06/2024;P00388;Lyon;239
09/08/2024;P00388;Paris;26
12/09/2024;P00389;Lyon;92
27/06/2024;P00389;Paris;98
09/06/2024;P00390;Marseille;56
02/07/2024;P00390;Paris;126
05/04/2024;P00391;Lyon;159
04/08/2024;P00391;Paris;35
27/01/2024;P00392;Paris;44
08/01/2024;P00393;Lyon;149
04/09/2024;P00393;Marseille;99
23/10/2024;P00394;Lyon;153
04/07/2024;P00394;Paris;289
06/01/2024;P00395;Marseille;82
16/09/2024;P00395;Lyon;36
16/03/2024;P00396;Paris;123
23/06/2024;P00397;Paris;86
08/06/2024;P00398;Marseille;53
09/01/2024;P00398;Paris;21
11/11/2024;P00399;Paris;172
08/09/2024;P00400;Lyon;227
26/12/2024;P00400;Paris;237
06/03/2024;P00401;Lyon;119
27/01/2024;P00402;Lyon;169
19/02/2024;P00403;Paris;138
27/01/2024;P00404;Lyon;282
08/01/2024;P00404;Paris;98
08/10/2024;P00405;Lyon;114
06/07/2024;P00405;Marseille;259
18/05/2024;P00406;Lyon;203
01/02/2024;P00406;Marseille;257
20/02/2024;P00407;Lyon;6
02/05/2024;P00407;Paris;209
11/03/2024;P00408;Paris;265
24/08/2024;P00409;Marseille;252
01/02/2024;P00409;Paris;139
06/03/2024;P00410;Paris;159
23/02/2024;P00411;Lyon;161
13/06/2024;P00411;Paris;65
27/11/2024;P00412;Marseille;276
02/03/2024;P00412;Paris;212
16/10/2024;P00412;Lyon;191
02/10/2024;P00413;Paris;89
02/04/2024;P00413;Lyon;115
23/06/2024;P00414;Lyon;250
04/07/2024;P00414;Paris;47
03/06/2024;P00415;Marseille;193
25/09/2024;P00415;Paris;146
18/03/2024;P00416;Paris;169
15/11/2024;P00417;Paris;76
01/09/2024;P00417;Lyon;206
18/11/2024;P00418;Marseille;216
18/11/2024;P00419;Paris;185
01/03/2024;P00420;Lyon;193
19/04/2024;P00420;Paris;53
24/05/2024;P00421;Lyon;114
07/07/2024;P00421;Paris;7
12/08/2024;P00422;Paris;224
22/08/2024;P00423;Paris;286
22/11/2024;P00423;Lyon;112
29/09/2024;P00424;Marseille;84
24/05/2024;P00424;Paris;152
04/09/2024;P00425;Marseille;104
17/10/2024;P00425;Paris;189
02/06/2024;P00425;Lyon;271
19/01/2024;P00426;Paris;292
21/10/2024;P00427;Paris;255
17/07/2024;P00427;Lyon;5
13/05/2024;P00428;Marseille;92
08/05/2024;P00428;Lyon;231
26/03/2024;P00429;Paris;66
20/05/2024;P00429;Lyon;4
01/07/2024;P00430;Marseille;12
16/04/2024;P00430;Lyon;223
09/12/2024;P00431;Marseille;81
25/01/2024;P00431;Paris;57
01/07/2024;P00432;Marseille;220
02/07/2024;P00432;Lyon;160
07/07/2024;P00433;Paris;80
17/06/2024;P00433;Lyon;31
04/10/2024;P00434;Paris;118
22/12/2024;P00435;Paris;57
30/10/2024;P00435;Marseille;124
09/10/2024;P00436;Lyon;102
30/10/2024;P00436;Paris;79
10/10/2024;P00437;Lyon;251
28/02/2024;P00437;Paris;204
25/08/2024;P00438;Marseille;44
23/07/2024;P00438;Paris;135
11/02/2024;P00439;Paris;190
15/06/2024;P00439;Lyon;252
18/09/2024;P00440;Paris;299
23/05/2024;P00441;Marseille;93
19/01/2024;P00442;Paris;260
10/01/2024;P00443;Paris;11
07/08/2024;P00444;Marseille;286
03/09/2024;P00444;Paris;23
25/09/2024;P00445;Paris;184
04/12/2024;P00445;Marseille;281
20/06/2024;P00446;Paris;186
04/04/2024;P00447;Paris;235
12/07/2024;P00447;Marseille;114
15/04/2024;P00447;Lyon;299
30/12/2024;P00448;Paris;277
13/07/2024;P00449;Paris;33
23/04/2024;P00450;Paris;294
13/09/2024;P00450;Lyon;291
24/12/2024;P00451;Lyon;247
10/10/2024;P00451;Paris;257
11/12/2024;P00452;Lyon;86
27/02/2024;P00452;Paris;223
08/11/2024;P00453;Lyon;36
19/05/2024;P00453;Paris;107
22/04/2024;P00454;Marseille;109
01/12/2024;P00454;Paris;197
30/09/2024;P00455;Paris;281
19/06/2024;P00455;Lyon;195
04/08/2024;P00456;Lyon;67
03/05/2024;P00456;Marseille;63
02/07/2024;P00457;Lyon;108
30/07/2024;P00457;Paris;291
23/11/2024;P00457;Marseille;92
14/06/2024;P00458;Paris;152
27/06/2024;P00458;Marseille;128
03/10/2024;P00459;Paris;152
22/12/2024;P00459;Marseille;75
18/10/2024;P00460;Marseille;150
30/11/2024;P00460;Lyon;156
16/03/2024;P00460;Paris;226
16/07/2024;P00461;Paris;87
16/05/2024;P00462;Lyon;2
26/03/2024;P00462;Paris;255
27/06/2024;P00463;Marseille;248
11/06/2024;P00463;Paris;83
30/11/2024;P00464;Paris;104
30/01/2024;P00465;Paris;123
21/11/2024;P00466;Marseille;284
03/05/2024;P00467;Paris;254
29/08/2024;P00468;Paris;5
06/05/2024;P00468;Lyon;109
06/03/2024;P00469;Marseille;226
10/07/2024;P00469;Paris;80
25/07/2024;P00470;Paris;231
11/11/2024;P00471;Paris;289
30/06/2024;P00472;Paris;159
19/10/2024;P00472;Lyon;113
21/05/2024;P00473;Paris;81
17/06/2024;P00474;Paris;177
02/04/2024;P00474;Lyon;234
14/03/2024;P00475;Marseille;97
02/04/2024;P00475;Lyon;165
29/02/2024;P00475;Paris;35
23/10/2024;P00476;Paris;222
13/12/2024;P00477;Paris;236
10/01/2024;P00477;Marseille;32
07/01/2024;P00478;Lyon;292
04/10/2024;P00479;Marseille;236
02/11/2024;P00479;Paris;264
26/03/2024;P00479;Lyon;284
17/09/2024;P00480;Lyon;269
31/05/2024;P00480;Paris;296
08/03/2024;P00481;Lyon;18
17/12/2024;P00481;Paris;206
22/04/2024;P00481;Marseille;136
22/09/2024;P00482;Paris;279
08/01/2024;P00483;Paris;261
11/06/2024;P00484;Lyon;195
13/10/2024;P00484;Marseille;249
27/12/2024;P00485;Lyon;69
17/06/2024;P00486;Lyon;69
01/02/2024;P00487;Lyon;219
14/04/2024;P00487;Paris;11
17/04/2024;P00488;Lyon;126
04/11/2024;P00488;Paris;100
13/07/2024;P00488;Marseille;213
25/12/2024;P00489;Paris;272
13/02/2024;P00490;Paris;164
18/12/2024;P00491;Lyon;192
09/04/2024;P00491;Marseille;197
28/01/2024;P00492;Paris;268
22/02/2024;P00493;Marseille;6
20/04/2024;P00493;Paris;224
06/06/2024;P00494;Paris;194
20/02/2024;P00494;Marseille;93
01/08/2024;P00495;Marseille;219
15/09/2024;P00495;Paris;254
01/07/2024;P00496;Paris;161
12/05/2024;P00496;Lyon;203
01/09/2024;P00497;Marseille;247
04/08/2024;P00497;Lyon;298
06/11/2024;P00498;Marseille;180
15/10/2024;P00498;Lyon;287
16/10/2024;P00499;Paris;30
15/10/2024;P00500;Paris;131
30/12/2024;P00501;Paris;279
08/09/2024;P00502;Paris;199
04/02/2024;P00503;Marseille;98
10/08/2024;P00504;Marseille;105
28/01/2024;P00504;Lyon;94
29/05/2024;P00505;Paris;1
27/03/2024;P00505;Lyon;121
15/11/2024;P00506;Paris;20
16/12/2024;P00506;Marseille;125
03/04/2024;P00507;Marseille;288
31/10/2024;P00507;Paris;22
02/04/2024;P00508;Paris;107
22/04/2024;P00508;Lyon;259
11/12/2024;P00509;Lyon;54
29/01/2024;P00510;Lyon;51
22/06/2024;P00510;Paris;90
31/05/2024;P00511;Paris;119
14/10/2024;P00512;Marseille;131
07/01/2024;P00512;Paris;72
13/08/2024;P00513;Paris;18
26/08/2024;P00513;Lyon;298
03/10/2024;P00514;Paris;64
10/05/2024;P00514;Marseille;166
12/03/2024;P00514;Lyon;100
15/12/2024;P00515;Paris;81
05/01/2024;P00516;Lyon;180
08/03/2024;P00516;Paris;82
22/01/2024;P00517;Marseille;221
27/08/2024;P00517;Lyon;140
21/07/2024;P00518;Marseille;146
03/02/2024;P00519;Paris;8
05/04/2024;P00520;Paris;130
24/09/2024;P00520;Lyon;133
27/11/2024;P00521;Paris;168
18/04/2024;P00521;Marseille;2
08/05/2024;P00522;Paris;87
28/06/2024;P00523;Paris;145
01/02/2024;P00524;Lyon;54
18/07/2024;P00524;Paris;71
14/03/2024;P00525;Lyon;55
02/02/2024;P00525;Paris;279
28/07/2024;P00526;Lyon;212
29/01/2024;P00527;Paris;242
22/08/2024;P00527;Lyon;91
20/02/2024;P00528;Paris;263
11/06/2024;P00529;Paris;297
14/08/2024;P00530;Marseille;80
08/10/2024;P00530;Paris;115
23/09/2024;P00531;Paris;260
29/06/2024;P00532;Paris;262
07/11/2024;P00533;Paris;217
16/03/2024;P00533;Lyon;48
21/05/2024;P00534;Marseille;240
12/02/2024;P00534;Lyon;77
28/11/2024;P00535;Paris;20
02/01/2024;P00535;Lyon;139
22/07/2024;P00536;Paris;45
23/10/2024;P00537;Paris;277
19/05/2024;P00537;Lyon;198
17/03/2024;P00538;Lyon;183
28/05/2024;P00539;Paris;168
15/05/2024;P00540;Marseille;88
15/04/2024;P00541;Marseille;27
16/05/2024;P00541;Paris;254
27/06/2024;P00542;Lyon;54
24/03/2024;P00542;Paris;145
09/09/2024;P00543;Paris;235
19/10/2024;P00544;Marseille;153
23/02/2024;P00545;Marseille;137
10/12/2024;P00545;Lyon;164
15/09/2024;P00546;Lyon;284
25/02/2024;P00547;Paris;198
23/09/2024;P00548;Paris;298
23/10/2024;P00548;Lyon;284
08/01/2024;P00549;Paris;18
21/06/2024;P00550;Marseille;105
27/02/2024;P00550;Lyon;103
14/05/2024;P00551;Paris;31
09/02/2024;P00551;Lyon;276
10/01/2024;P00552;Paris;95
23/02/2024;P00552;Marseille;174
28/05/2024;P00553;Marseille;108
03/07/2024;P00553;Paris;30
05/10/2024;P00554;Marseille;72
22/02/2024;P00554;Paris;104
06/05/2024;P00555;Paris;17
09/10/2024;P00555;Lyon;299
14/10/2024;P00556;Paris;67
15/12/2024;P00557;Paris;222
13/08/2024;P00557;Marseille;106
01/04/2024;P00558;Marseille;10
15/11/2024;P00558;Paris;80
08/07/2024;P00559;Paris;30
04/11/2024;P00560;Lyon;159
22/01/2024;P00560;Paris;261
05/03/2024;P00561;Paris;11
06/04/2024;P00561;Lyon;280
29/05/2024;P00562;Paris;119
24/12/2024;P00562;Lyon;169
27/06/2024;P00563;Paris;203
22/11/2024;P00564;Paris;240
23/12/2024;P00565;Marseille;38
11/02/2024;P00565;Lyon;108
29/08/2024;P00566;Lyon;162
05/02/2024;P00567;Paris;0
21/06/2024;P00567;Lyon;137
14/12/2024;P00568;Lyon;239
15/10/2024;P00568;Paris;209
17/07/2024;P00569;Paris;83
28/08/2024;P00569;Lyon;7
02/06/2024;P00570;Lyon;208
29/12/2024;P00570;Paris;49
06/11/2024;P00571;Paris;219
04/01/2024;P00571;Lyon;145
20/10/2024;P00572;Lyon;267
11/08/2024;P00573;Paris;225
13/10/2024;P00573;Lyon;266
09/01/2024;P00573;Marseille;295
31/05/2024;P00574;Lyon;197
08/05/2024;P00574;Marseille;173
07/06/2024;P00575;Marseille;200
26/05/2024;P00575;Lyon;2
24/09/2024;P00576;Lyon;82
09/08/2024;P00577;Paris;256
21/08/2024;P00577;Lyon;80
07/06/2024;P00578;Lyon;262
07/11/2024;P00578;Paris;16
19/09/2024;P00579;Paris;131
22/02/2024;P00579;Lyon;151
22/04/2024;P00580;Paris;8
25/08/2024;P00580;Marseille;57
27/09/2024;P00581;Paris;204
19/04/2024;P00581;Lyon;248
30/08/2024;P00582;Paris;153
21/12/2024;P00582;Lyon;295
14/03/2024;P00583;Marseille;63
31/08/2024;P00583;Paris;23
14/11/2024;P00584;Lyon;288
08/02/2024;P00584;Paris;171
17/08/2024;P00585;Lyon;296
26/12/2024;P00586;Paris;29
18/01/2024;P00587;Marseille;286
08/06/2024;P00587;Paris;268
30/06/2024;P00587;Lyon;251
19/03/2024;P00588;Lyon;214
21/01/2024;P00588;Paris;46
11/08/2024;P00589;Paris;172
18/03/2024;P00589;Marseille;107
01/10/2024;P00589;Lyon;9
20/03/2024;P00590;Paris;150
30/08/2024;P00590;Lyon;235
11/09/2024;P00591;Lyon;205
03/05/2024;P00591;Marseille;44
03/12/2024;P00591;Paris;120
20/07/2024;P00592;Paris;256
23/03/2024;P00592;Lyon;165
21/10/2024;P00593;Paris;286
24/01/2024;P00594;Marseille;195
13/02/2024;P00594;Lyon;195
22/06/2024;P00595;Lyon;46
03/04/2024;P00595;Paris;31
28/04/2024;P00596;Lyon;165
15/02/2024;P00596;Paris;193
15/01/2024;P00597;Paris;280
29/01/2024;P00598;Marseille;152
29/04/2024;P00598;Paris;198
02/09/2024;P00599;Lyon;278
08/11/2024;P00599;Paris;77
11/01/2024;P00600;Paris;63
22/05/2024;P00600;Lyon;252
14/04/2024;P00601;Paris;276
31/12/2024;P00602;Lyon;238
13/02/2024;P00602;Paris;118
25/04/2024;P00603;Paris;249
20/03/2024;P00603;Lyon;196
14/05/2024;P00604;Lyon;93
26/02/2024;P00604;Paris;195
11/01/2024;P00605;Paris;199
15/12/2024;P00605;Marseille;84
19/10/2024;P00606;Marseille;202
03/02/2024;P00606;Paris;130
05/12/2024;P00607;Paris;4
14/08/2024;P00607;Lyon;272
05/06/2024;P00608;Paris;15
20/07/2024;P00608;Lyon;229
24/04/2024;P00609;Marseille;30
27/07/2024;P00610;Paris;243
23/02/2024;P00611;Paris;251
18/09/2024;P00611;Lyon;10
21/04/2024;P00612;Lyon;15
04/02/2024;P00612;Marseille;66
01/01/2024;P00612;Paris;141
03/04/2024;P00613;Paris;225
03/10/2024;P00614;Paris;85
26/04/2024;P00614;Marseille;77
24/10/2024;P00614;Lyon;171
26/07/2024;P00615;Paris;39
07/08/2024;P00615;Marseille;71
15/10/2024;P00616;Lyon;214
28/05/2024;P00617;Paris;272
18/02/2024;P00617;Lyon;203
20/08/2024;P00618;Lyon;35
21/09/2024;P00618;Paris;179
27/11/2024;P00619;Marseille;204
23/03/2024;P00619;Lyon;111
13/02/2024;P00620;Paris;129
23/10/2024;P00621;Paris;290
12/04/2024;P00621;Lyon;87
14/05/2024;P00622;Lyon;179
22/01/2024;P00622;Marseille;125
12/11/2024;P00623;Paris;251
11/11/2024;P00624;Paris;267
21/02/2024;P00624;Lyon;163
03/01/2024;P00625;Paris;268
06/09/2024;P00625;Lyon;189
04/10/2024;P00626;Paris;97
20/07/2024;P00627;Paris;289
03/08/2024;P00628;Paris;143
03/04/2024;P00629;Paris;98
26/04/2024;P00629;Marseille;146
12/03/2024;P00630;Lyon;285
15/05/2024;P00630;Paris;248
16/12/2024;P00631;Lyon;273
12/02/2024;P00632;Lyon;247
14/03/2024;P00632;Paris;258
28/07/2024;P00633;Paris;157
14/01/2024;P00633;Lyon;20
27/08/2024;P00634;Paris;169
04/08/2024;P00634;Lyon;79
19/03/2024;P00635;Paris;37
19/06/2024;P00636;Paris;214
12/06/2024;P00637;Paris;273
09/03/2024;P00638;Marseille;39
21/01/2024;P00638;Lyon;215
02/12/2024;P00639;Paris;5
16/02/2024;P00639;Lyon;134
14/05/2024;P00640;Lyon;187
16/11/2024;P00640;Paris;73
19/04/2024;P00641;Marseille;191
13/07/2024;P00641;Paris;140
08/03/2024;P00642;Lyon;4
03/02/2024;P00642;Marseille;114
01/11/2024;P00643;Paris;270
13/10/2024;P00644;Paris;26
11/11/2024;P00644;Lyon;111
27/12/2024;P00645;Lyon;156
12/07/2024;P00645;Marseille;42
04/01/2024;P00646;Lyon;244
13/07/2024;P00646;Paris;203
14/01/2024;P00647;Paris;119
27/05/2024;P00647;Lyon;32
21/05/2024;P00648;Lyon;134
21/11/2024;P00649;Marseille;162
29/11/2024;P00649;Lyon;128
09/05/2024;P00650;Paris;134
23/11/2024;P00650;Lyon;29
07/05/2024;P00651;Marseille;59
12/04/2024;P00651;Paris;18
21/07/2024;P00652;Paris;152
03/09/2024;P00653;Paris;101
18/05/2024;P00654;Lyon;42
11/02/2024;P00654;Marseille;250
29/07/2024;P00655;Lyon;261
16/07/2024;P00655;Paris;16
18/04/2024;P00656;Marseille;294
07/03/2024;P00657;Paris;59
11/07/2024;P00657;Lyon;228
18/12/2024;P00658;Paris;79
25/11/2024;P00659;Lyon;61
27/12/2024;P00660;Paris;288
18/10/2024;P00660;Marseille;172
29/01/2024;P00661;Lyon;215
05/01/2024;P00661;Paris;285
07/03/2024;P00662;Paris;177
07/09/2024;P00663;Marseille;280
26/06/2024;P00663;Paris;160
30/08/2024;P00664;Marseille;181
12/06/2024;P00665;Paris;293
06/02/2024;P00665;Lyon;174
10/05/2024;P00666;Paris;84
28/10/2024;P00666;Lyon;129
19/03/2024;P00667;Paris;91
14/12/2024;P00668;Lyon;74
02/11/2024;P00668;Paris;207
22/05/2024;P00669;Paris;105
21/10/2024;P00670;Lyon;272
25/10/2024;P00670;Paris;147
28/01/2024;P00671;Marseille;273
26/11/2024;P00671;Lyon;20
12/07/2024;P00672;Lyon;271
15/03/2024;P00672;Paris;299
04/08/2024;P00673;Paris;98
05/09/2024;P00674;Marseille;93
19/11/2024;P00674;Paris;283
02/09/2024;P00675;Marseille;140
12/10/2024;P00675;Paris;134
15/08/2024;P00676;Paris;60
30/05/2024;P00676;Lyon;0
10/10/2024;P00677;Lyon;107
05/11/2024;P00678;Lyon;0
26/12/2024;P00678;Paris;256
16/04/2024;P00679;Paris;78
03/05/2024;P00679;Lyon;202
25/11/2024;P00680;Paris;264
19/03/2024;P00680;Lyon;262
16/12/2024;P00681;Marseille;12
09/10/2024;P00681;Paris;18
03/11/2024;P00682;Lyon;160
17/06/2024;P00682;Marseille;141
12/10/2024;P00683;Lyon;145
08/12/2024;P00684;Lyon;163
28/09/2024;P00684;Marseille;169
29/08/2024;P00685;Paris;71
03/01/2024;P00685;Lyon;25
16/01/2024;P00686;Lyon;140
10/10/2024;P00687;Paris;213
31/05/2024;P00688;Marseille;67
02/01/2024;P00689;Paris;5
31/01/2024;P00690;Lyon;264
17/07/2024;P00691;Paris;12
16/02/2024;P00692;Marseille;54
28/02/2024;P00692;Paris;273
31/05/2024;P00692;Lyon;209
07/03/2024;P00693;Marseille;267
06/04/2024;P00693;Lyon;248
04/03/2024;P00694;Lyon;243
23/10/2024;P00694;Paris;276
06/09/2024;P00695;Paris;125
01/12/2024;P00696;Marseille;212
19/04/2024;P00696;Paris;161
29/04/2024;P00697;Lyon;50
08/12/2024;P00697;Paris;278
22/11/2024;P00698;Paris;0
05/02/2024;P00699;Paris;196
14/11/2024;P00699;Lyon;143
13/04/2024;P00700;Lyon;276
01/02/2024;P00700;Paris;90
15/10/2024;P00701;Paris;259
30/05/2024;P00702;Paris;163
18/10/2024;P00702;Lyon;164
05/09/2024;P00703;Lyon;191
15/04/2024;P00703;Paris;7
05/12/2024;P00704;Marseille;104
30/11/2024;P00704;Paris;156
29/06/2024;P00705;Lyon;25
18/06/2024;P00705;Paris;141
11/11/2024;P00706;Lyon;130
16/07/2024;P00706;Paris;95
17/01/2024;P00707;Marseille;275
15/09/2024;P00707;Paris;178
01/07/2024;P00708;Lyon;202
27/02/2024;P00708;Paris;223
08/05/2024;P00709;Lyon;224
10/10/2024;P00709;Paris;105
06/10/2024;P00710;Paris;202
21/07/2024;P00711;Paris;280
13/12/2024;P00711;Marseille;163
08/07/2024;P00712;Lyon;87
11/09/2024;P00712;Paris;283
29/12/2024;P00713;Paris;142
29/09/2024;P00714;Paris;239
06/05/2024;P00714;Lyon;70
12/11/2024;P00715;Paris;78
10/10/2024;P00716;Paris;158
07/05/2024;P00717;Paris;20
20/10/2024;P00717;Marseille;276
09/02/2024;P00718;Lyon;185
29/09/2024;P00718;Paris;241
17/09/2024;P00719;Marseille;106
11/05/2024;P00719;Lyon;272
21/02/2024;P00720;Paris;25
15/04/2024;P00720;Marseille;200
19/04/2024;P00721;Paris;104
14/04/2024;P00722;Lyon;281
10/05/2024;P00722;Paris;246
02/04/2024;P00723;Paris;66
21/09/2024;P00723;Lyon;285
30/07/2024;P00724;Marseille;250
25/09/2024;P00724;Paris;161
01/10/2024;P00725;Lyon;37
04/08/2024;P00725;Paris;14
27/10/2024;P00726;Lyon;141
26/02/2024;P00726;Paris;124
10/04/2024;P00727;Paris;52
20/07/2024;P00728;Paris;233
03/03/2024;P00729;Lyon;181
06/05/2024;P00729;Paris;10
03/08/2024;P00730;Paris;151
26/10/2024;P00730;Lyon;183
02/11/2024;P00731;Lyon;247
23/11/2024;P00731;Paris;59
23/07/2024;P00732;Paris;5
18/02/2024;P00732;Marseille;43
05/05/2024;P00733;Paris;213
29/01/2024;P00734;Lyon;188
08/03/2024;P00734;Paris;129
26/04/2024;P00735;Paris;131
08/02/2024;P00736;Paris;50
17/01/2024;P00736;Marseille;95
28/02/2024;P00737;Paris;267
22/04/2024;P00737;Lyon;252
09/01/2024;P00738;Lyon;250
10/12/2024;P00738;Paris;159
09/12/2024;P00739;Paris;4
14/08/2024;P00739;Lyon;203
26/11/2024;P00740;Lyon;255
25/12/2024;P00740;Paris;90
11/12/2024;P00741;Lyon;183
20/08/2024;P00741;Paris;70
13/07/2024;P00742;Paris;285
26/06/2024;P00742;Lyon;186
23/09/2024;P00743;Lyon;125
05/02/2024;P00743;Paris;195
01/06/2024;P00744;Paris;239
06/07/2024;P00744;Lyon;22
23/09/2024;P00745;Paris;232
16/07/2024;P00746;Marseille;124
13/08/2024;P00747;Paris;45
15/09/2024;P00747;Lyon;286
03/09/2024;P00748;Paris;245
03/05/2024;P00749;Marseille;123
14/08/2024;P00749;Paris;187
03/06/2024;P00749;Lyon;281
18/01/2024;P00750;Marseille;122
04/05/2024;P00750;Paris;10
08/10/2024;P00751;Paris;120
20/04/2024;P00751;Marseille;45
01/04/2024;P00752;Lyon;102
28/07/2024;P00753;Lyon;242
27/07/2024;P00754;Lyon;45
05/08/2024;P00755;Marseille;51
17/11/2024;P00756;Marseille;79
14/12/2024;P00757;Paris;250
02/11/2024;P00758;Paris;0
21/08/2024;P00758;Lyon;83
31/08/2024;P00759;Lyon;116
23/10/2024;P00759;Paris;225
15/05/2024;P00759;Marseille;115
14/10/2024;P00760;Paris;111
06/10/2024;P00760;Lyon;123
12/11/2024;P00761;Paris;126
23/04/2024;P00762;Lyon;22
27/10/2024;P00762;Marseille;168
30/01/2024;P00763;Lyon;32
30/09/2024;P00763;Paris;258
15/05/2024;P00764;Marseille;2
01/05/2024;P00764;Paris;47
28/06/2024;P00765;Paris;164
18/09/2024;P00766;Marseille;269
15/05/2024;P00767;Paris;85
04/07/2024;P00768;Paris;5
09/09/2024;P00768;Lyon;102
10/02/2024;P00769;Lyon;201
16/09/2024;P00769;Paris;294
03/03/2024;P00770;Lyon;68
04/02/2024;P00771;Lyon;23
13/11/2024;P00771;Paris;210
08/12/2024;P00772;Paris;184
10/04/2024;P00773;Lyon;103
22/04/2024;P00773;Paris;34
02/10/2024;P00774;Paris;5
26/02/2024;P00774;Lyon;100
24/03/2024;P00774;Marseille;133
23/07/2024;P00775;Paris;114
08/01/2024;P00775;Marseille;202
17/11/2024;P00776;Lyon;35
20/06/2024;P00776;Paris;220
25/10/2024;P00777;Paris;58
22/11/2024;P00777;Lyon;80
25/02/2024;P00778;Lyon;142
25/05/2024;P00779;Lyon;56
21/09/2024;P00779;Paris;152
30/06/2024;P00780;Paris;79
05/04/2024;P00780;Marseille;163
26/11/2024;P00781;Lyon;292
20/09/2024;P00781;Paris;226
01/04/2024;P00782;Marseille;287
19/06/2024;P00782;Lyon;260
20/09/2024;P00783;Paris;46
19/01/2024;P00784;Paris;129
02/06/2024;P00784;Lyon;37
06/09/2024;P00785;Paris;122
18/08/2024;P00785;Lyon;115
27/02/2024;P00786;Paris;206
16/07/2024;P00786;Lyon;57
14/07/2024;P00787;Paris;244
09/10/2024;P00788;Paris;263
18/09/2024;P00788;Lyon;231
15/06/2024;P00789;Lyon;66
02/12/2024;P00789;Paris;269
09/09/2024;P00790;Lyon;62
18/08/2024;P00790;Paris;65
25/08/2024;P00791;Lyon;187
14/05/2024;P00791;Paris;291
22/02/2024;P00792;Paris;276
04/10/2024;P00792;Lyon;156
14/12/2024;P00793;Marseille;194
25/02/2024;P00793;Paris;295
02/12/2024;P00794;Lyon;193
13/09/2024;P00795;Marseille;176
29/09/2024;P00795;Paris;125
15/03/2024;P00795;Lyon;162
19/06/2024;P00796;Lyon;104
06/06/2024;P00796;Paris;233
17/07/2024;P00797;Marseille;1
31/10/2024;P00798;Lyon;279
16/02/2024;P00798;Marseille;56
17/08/2024;P00799;Paris;239
03/09/2024;P00800;Paris;156
13/03/2024;P00800;Lyon;9
07/11/2024;P00801;Marseille;228
03/09/2024;P00801;Paris;290
03/12/2024;P00802;Paris;184
06/02/2024;P00803;Lyon;242
08/05/2024;P00804;Paris;178
29/06/2024;P00804;Lyon;24
22/12/2024;P00804;Marseille;159
27/07/2024;P00805;Paris;52
10/01/2024;P00805;Marseille;280
02/03/2024;P00806;Lyon;29
15/10/2024;P00806;Paris;203
28/02/2024;P00807;Lyon;211
15/10/2024;P00807;Marseille;262
28/10/2024;P00808;Paris;110
16/04/2024;P00808;Marseille;248
01/05/2024;P00809;Lyon;108
30/07/2024;P00810;Marseille;26
15/12/2024;P00810;Lyon;236
02/11/2024;P00810;Paris;54
26/12/2024;P00811;Marseille;290
02/05/2024;P00811;Paris;33
21/09/2024;P00812;Paris;2
30/06/2024;P00813;Lyon;238
08/06/2024;P00813;Paris;148
26/10/2024;P00814;Marseille;145
22/03/2024;P00814;Paris;187
05/06/2024;P00815;Paris;255
29/09/2024;P00815;Lyon;31
02/03/2024;P00816;Paris;147
30/05/2024;P00816;Marseille;3
12/01/2024;P00817;Paris;280
13/09/2024;P00817;Lyon;163
24/09/2024;P00818;Paris;240
17/03/2024;P00819;Marseille;5
01/10/2024;P00819;Lyon;134
22/05/2024;P00820;Paris;223
15/11/2024;P00820;Lyon;207
13/10/2024;P00821;Paris;198
24/04/2024;P00821;Marseille;173
08/04/2024;P00822;Marseille;273
06/10/2024;P00823;Paris;101
08/05/2024;P00824;Marseille;41
27/11/2024;P00824;Paris;172
30/12/2024;P00824;Lyon;58
24/12/2024;P00825;Paris;208
30/07/2024;P00826;Paris;8
08/01/2024;P00826;Marseille;189
03/09/2024;P00827;Lyon;169
02/08/2024;P00827;Paris;288
22/09/2024;P00828;Paris;206
02/10/2024;P00828;Lyon;167
27/02/2024;P00829;Lyon;69
11/08/2024;P00830;Paris;208
03/03/2024;P00831;Lyon;17
16/06/2024;P00832;Paris;124
30/08/2024;P00832;Lyon;36
12/06/2024;P00833;Lyon;111
05/10/2024;P00833;Marseille;128
19/09/2024;P00834;Marseille;50
07/12/2024;P00834;Paris;166
15/09/2024;P00835;Paris;45
30/09/2024;P00836;Paris;99
24/02/2024;P00836;Marseille;147
22/08/2024;P00837;Paris;168
21/01/2024;P00837;Marseille;103
11/07/2024;P00838;Lyon;159
12/10/2024;P00838;Marseille;46
07/12/2024;P00838;Paris;200
13/06/2024;P00839;Marseille;5
10/02/2024;P00839;Paris;71
19/08/2024;P00840;Paris;53
15/08/2024;P00840;Marseille;231
30/03/2024;P00841;Paris;238
30/11/2024;P00841;Lyon;95
16/03/2024;P00842;Marseille;174
26/10/2024;P00842;Paris;107
15/10/2024;P00843;Paris;90
16/08/2024;P00843;Lyon;198
25/05/2024;P00844;Marseille;280
06/09/2024;P00844;Paris;96
03/11/2024;P00845;Paris;189
21/02/2024;P00845;Marseille;21
12/04/2024;P00846;Lyon;177
18/07/2024;P00847;Paris;109
24/10/2024;P00848;Paris;284
27/02/2024;P00848;Lyon;69
30/08/2024;P00849;Marseille;54
05/07/2024;P00849;Paris;36
04/10/2024;P00850;Marseille;37
02/06/2024;P00850;Paris;30
30/04/2024;P00851;Lyon;134
02/11/2024;P00851;Paris;99
15/07/2024;P00852;Lyon;194
14/07/2024;P00852;Paris;260
05/01/2024;P00853;Paris;165
07/02/2024;P00853;Lyon;32
25/09/2024;P00854;Paris;191
12/03/2024;P00855;Marseille;165
05/05/2024;P00855;Paris;159
14/05/2024;P00856;Lyon;265
21/08/2024;P00856;Marseille;226
29/04/2024;P00857;Lyon;154
28/11/2024;P00857;Paris;296
08/09/2024;P00858;Paris;196
23/01/2024;P00858;Marseille;290
06/09/2024;P00859;Marseille;128
05/08/2024;P00859;Lyon;57
13/02/2024;P00860;Marseille;148
05/11/2024;P00860;Paris;285
28/07/2024;P00861;Paris;38
15/09/2024;P00861;Lyon;23
31/10/2024;P00862;Lyon;49
09/06/2024;P00863;Marseille;199
17/05/2024;P00864;Marseille;232
30/08/2024;P00864;Paris;165
07/10/2024;P00865;Marseille;280
21/11/2024;P00865;Lyon;127
13/05/2024;P00866;Paris;30
01/07/2024;P00866;Lyon;19
23/02/2024;P00867;Lyon;129
31/03/2024;P00867;Paris;226
03/07/2024;P00868;Marseille;14
05/01/2024;P00868;Paris;89
21/10/2024;P00869;Paris;92
06/09/2024;P00870;Paris;29
14/03/2024;P00870;Lyon;115
05/11/2024;P00871;Paris;174
05/08/2024;P00871;Marseille;71
05/10/2024;P00872;Paris;98
08/08/2024;P00873;Paris;283
19/10/2024;P00874;Lyon;251
08/10/2024;P00875;Lyon;124
19/04/2024;P00875;Paris;118
14/07/2024;P00876;Paris;292
30/05/2024;P00877;Paris;176
23/11/2024;P00878;Paris;48
18/05/2024;P00878;Lyon;293
14/06/2024;P00879;Lyon;31
30/11/2024;P00879;Paris;246
29/01/2024;P00880;Lyon;38
08/10/2024;P00880;Paris;215
05/07/2024;P00881;Paris;102
08/07/2024;P00881;Lyon;16
10/11/2024;P00882;Paris;50
10/09/2024;P00883;Marseille;119
27/11/2024;P00883;Lyon;34
14/03/2024;P00884;Marseille;219
27/12/2024;P00884;Lyon;283
14/02/2024;P00884;Paris;273
18/07/2024;P00885;Lyon;251
19/05/2024;P00886;Lyon;76
28/03/2024;P00886;Paris;153
29/08/2024;P00887;Lyon;235
23/02/2024;P00888;Marseille;67
21/02/2024;P00888;Paris;72
04/02/2024;P00889;Lyon;53
16/09/2024;P00889;Paris;193
27/10/2024;P00890;Lyon;43
23/05/2024;P00890;Marseille;273
10/09/2024;P00891;Paris;115
06/09/2024;P00892;Paris;169
20/03/2024;P00892;Lyon;227
26/03/2024;P00893;Lyon;50
05/09/2024;P00893;Paris;137
28/02/2024;P00894;Lyon;147
22/06/2024;P00895;Lyon;63
08/11/2024;P00895;Paris;115
29/03/2024;P00896;Paris;228
23/10/2024;P00896;Lyon;249
17/04/2024;P00897;Marseille;265
19/10/2024;P00897;Lyon;26
22/05/2024;P00898;Lyon;149
12/04/2024;P00899;Paris;267
07/08/2024;P00900;Paris;253
21/08/2024;P00900;Lyon;157
13/07/2024;P00901;Paris;45
28/11/2024;P00902;Lyon;167
25/06/2024;P00902;Marseille;136
10/10/2024;P00903;Marseille;36
10/08/2024;P00903;Paris;221
29/09/2024;P00904;Paris;211
12/12/2024;P00905;Paris;27
21/10/2024;P00905;Marseille;56
13/03/2024;P00906;Paris;11
30/09/2024;P00906;Marseille;42
18/08/2024;P00906;Lyon;296
31/10/2024;P00907;Paris;181
21/10/2024;P00907;Lyon;175
14/10/2024;P00908;Paris;96
20/04/2024;P00909;Lyon;56
07/01/2024;P00910;Paris;5
10/10/2024;P00911;Paris;16
13/09/2024;P00911;Marseille;85
09/06/2024;P00912;Paris;47
18/08/2024;P00912;Lyon;49
03/01/2024;P00913;Paris;168
31/05/2024;P00914;Paris;245
06/02/2024;P00914;Lyon;292
01/11/2024;P00915;Paris;261
24/01/2024;P00916;Lyon;67
13/08/2024;P00916;Paris;159
25/12/2024;P00917;Lyon;236
12/05/2024;P00917;Paris;100
08/01/2024;P00918;Lyon;208
10/12/2024;P00918;Paris;279
22/10/2024;P00919;Paris;198
17/02/2024;P00920;Lyon;142
02/06/2024;P00920;Paris;224
29/07/2024;P00921;Marseille;11
11/03/2024;P00921;Paris;72
29/07/2024;P00922;Lyon;85
02/11/2024;P00922;Paris;65
20/04/2024;P00923;Marseille;161
25/10/2024;P00923;Lyon;294
21/01/2024;P00924;Lyon;252
14/07/2024;P00924;Paris;10
22/06/2024;P00925;Marseille;189
17/05/2024;P00926;Marseille;233
06/10/2024;P00926;Paris;167
26/07/2024;P00927;Lyon;75
25/07/2024;P00927;Marseille;41
10/09/2024;P00928;Marseille;193
17/03/2024;P00929;Paris;220
02/08/2024;P00930;Lyon;72
12/08/2024;P00930;Paris;119
18/09/2024;P00931;Paris;206
20/11/2024;P00932;Lyon;44
01/12/2024;P00932;Paris;267
12/02/2024;P00933;Lyon;178
11/03/2024;P00933;Paris;3
10/01/2024;P00934;Paris;88
21/06/2024;P00934;Marseille;118
31/05/2024;P00935;Lyon;146
18/08/2024;P00935;Paris;263
02/10/2024;P00936;Paris;8
06/03/2024;P00937;Marseille;202
20/11/2024;P00937;Paris;21
14/03/2024;P00938;Paris;23
03/12/2024;P00939;Paris;173
22/09/2024;P00940;Paris;145
06/08/2024;P00941;Lyon;105
20/05/2024;P00941;Paris;224
19/12/2024;P00942;Paris;240
03/01/2024;P00943;Paris;222
29/12/2024;P00943;Marseille;64
24/06/2024;P00944;Paris;244
13/07/2024;P00944;Lyon;81
25/08/2024;P00945;Marseille;29
29/10/2024;P00945;Lyon;30
02/02/2024;P00946;Paris;263
18/12/2024;P00947;Paris;18
16/12/2024;P00947;Lyon;32
03/05/2024;P00948;Paris;139
20/10/2024;P00948;Lyon;40
27/06/2024;P00949;Paris;94
19/06/2024;P00949;Marseille;293
11/09/2024;P00950;Paris;73
17/06/2024;P00950;Lyon;207
30/10/2024;P00951;Paris;11
04/12/2024;P00952;Paris;252
01/06/2024;P00953;Paris;145
04/09/2024;P00954;Lyon;237
10/05/2024;P00954;Paris;5
29/05/2024;P00955;Lyon;8
19/11/2024;P00956;Paris;133
15/08/2024;P00957;Paris;202
17/01/2024;P00958;Marseille;264
28/01/2024;P00958;Paris;260
18/11/2024;P00959;Paris;46
07/08/2024;P00960;Marseille;31
07/02/2024;P00960;Paris;75
29/08/2024;P00961;Paris;50
04/06/2024;P00962;Lyon;125
16/07/2024;P00962;Paris;299
13/08/2024;P00963;Paris;112
03/06/2024;P00964;Paris;197
01/01/2024;P00964;Lyon;128
17/02/2024;P00965;Paris;54
31/08/2024;P00965;Lyon;254
13/05/2024;P00966;Marseille;20
07/05/2024;P00967;Paris;201
13/02/2024;P00968;Paris;182
20/11/2024;P00968;Lyon;10
28/12/2024;P00969;Lyon;244
06/11/2024;P00969;Paris;133
31/12/2024;P00970;Lyon;198
11/08/2024;P00970;Paris;272
08/07/2024;P00971;Paris;70
05/06/2024;P00972;Lyon;74
15/12/2024;P00972;Paris;229
28/05/2024;P00973;Paris;87
05/11/2024;P00974;Lyon;186
06/09/2024;P00974;Paris;186
13/12/2024;P00975;Lyon;218
22/12/2024;P00975;Paris;36
18/05/2024;P00976;Paris;176
06/01/2024;P00976;Marseille;134
21/06/2024;P00977;Paris;3
13/11/2024;P00977;Marseille;45
24/03/2024;P00978;Paris;3
29/02/2024;P00978;Marseille;168
22/11/2024;P00979;Paris;109
06/08/2024;P00979;Marseille;271
31/01/2024;P00979;Lyon;168
13/01/2024;P00980;Lyon;297
20/05/2024;P00980;Paris;158
12/01/2024;P00981;Lyon;279
14/08/2024;P00981;Paris;211
06/08/2024;P00982;Marseille;25
24/01/2024;P00982;Paris;4
26/03/2024;P00983;Paris;246
17/03/2024;P00983;Lyon;168
04/01/2024;P00984;Lyon;147
22/07/2024;P00984;Paris;268
04/09/2024;P00985;Paris;218
27/03/2024;P00986;Paris;243
09/11/2024;P00986;Lyon;78
09/12/2024;P00987;Lyon;254
28/02/2024;P00988;Lyon;173
14/08/2024;P00988;Paris;61
26/12/2024;P00989;Lyon;179
05/08/2024;P00990;Lyon;86
16/06/2024;P00990;Paris;45
22/09/2024;P00991;Lyon;218
29/01/2024;P00991;Paris;5
14/09/2024;P00992;Marseille;141
17/07/2024;P00993;Paris;219
08/12/2024;P00993;Marseille;70
23/11/2024;P00994;Lyon;6
16/11/2024;P00994;Marseille;172
31/07/2024;P00995;Paris;57
29/08/2024;P00995;Marseille;214
02/04/2024;P00996;Paris;242
11/12/2024;P00996;Lyon;24
11/09/2024;P00996;Marseille;177
03/05/2024;P00997;Lyon;238
25/10/2024;P00997;Marseille;221
12/07/2024;P00998;Lyon;33
10/05/2024;P00998;Paris;250
10/12/2024;P00999;Marseille;264
19/10/2024;P00999;Paris;88
05/07/2024;P01000;Paris;127
30/05/2024;P01000;Lyon;133
